

DROP TABLE IF EXISTS `tv_genres`;

CREATE TABLE `tv_genres` (
  `id` int(11) NOT NULL AUTO_INCREMENT,
  `name` varchar(256) NOT NULL,
  PRIMARY KEY (`id`)
) ENGINE=InnoDB AUTO_INCREMENT=9 DEFAULT CHARSET=latin1;


LOCK TABLES `tv_genres` WRITE;

INSERT INTO `tv_genres` VALUES (1,'Drama'),(2,'Mystery'),(3,'Adventure'),(4,'Fantasy'),(5,'Comedy'),(6,'Crime'),(7,'Suspense'),(8,'Thriller');

UNLOCK TABLES;



DROP TABLE IF EXISTS `tv_show_genres`;

CREATE TABLE `tv_show_genres` (
  `show_id` int(11) NOT NULL,
  `genre_id` int(11) NOT NULL,
  KEY `show_id` (`show_id`),
  KEY `genre_id` (`genre_id`),
  CONSTRAINT `tv_show_genres_ibfk_1` FOREIGN KEY (`show_id`) REFERENCES `tv_shows` (`id`),
  CONSTRAINT `tv_show_genres_ibfk_2` FOREIGN KEY (`genre_id`) REFERENCES `tv_genres` (`id`)
) ENGINE=InnoDB DEFAULT CHARSET=latin1;


LOCK TABLES `tv_show_genres` WRITE;

INSERT INTO `tv_show_genres` VALUES (1,1),(1,2),(2,3),(2,1),(2,4),(3,5),(4,5),(5,5),(6,6),(6,1),(6,7),(6,8),(8,6),(8,1),(8,2),(8,7),(8,8),(10,5),(10,1);

UNLOCK TABLES;


DROP TABLE IF EXISTS `tv_shows`;

CREATE TABLE `tv_shows` (
  `id` int(11) NOT NULL AUTO_INCREMENT,
  `title` varchar(256) NOT NULL,
  PRIMARY KEY (`id`)
) ENGINE=InnoDB AUTO_INCREMENT=11 DEFAULT CHARSET=latin1;


LOCK TABLES `tv_shows` WRITE;

INSERT INTO `tv_shows` VALUES (1,'House'),(2,'Game of Thrones'),(3,'The Big Bang Theory'),(4,'New Girl'),(5,'Silicon Valley'),(6,'Breaking Bad'),(7,'Better Call Saul'),(8,'Dexter'),(9,'Homeland'),(10,'The Last Man on Earth');

UNLOCK TABLES;
